Date,precio_bogota,colcap
2018-01-02,38238.125,1516.68
2018-01-03,37977.375,1515.84
2018-01-04,37977.375,1531.68
2018-01-05,38544.19140625,1545.57
2018-01-09,38419.48828125,1547.31
2018-01-10,37977.375,1537.7
2018-01-11,37410.54296875,1523.33
2018-01-12,37410.54296875,1521.41
2018-01-15,37376.546875,1513.76
2018-01-16,37920.6796875,1539.1
2018-01-17,37920.6796875,1543.54
2018-01-18,37920.6796875,1548.07
2018-01-19,38532.859375,1551.04
2018-01-22,38544.19140625,1557.86
2018-01-23,38272.1171875,1570.34
2018-01-24,38600.859375,1589.6
2018-01-25,38600.859375,1588.97
2018-01-26,38737.44140625,1592.82
2018-01-29,38669.15234375,1598.4
2018-01-30,38521.22265625,1582.98
2018-01-31,37952.23046875,1558.18
2018-02-01,37565.30859375,1580.97
2018-02-02,37644.9609375,1567.74
2018-02-05,38339.12890625,1523.07
2018-02-06,38339.12890625,1526.83
2018-02-07,37667.70703125,1526.87
2018-02-08,37781.51171875,1504.77
2018-02-09,37553.9296875,1500.99
2018-02-12,37553.9296875,1509.48
2018-02-13,38100.17578125,1504.98
2018-02-14,37667.70703125,1518.78
2018-02-15,37667.70703125,1514.36
2018-02-16,37724.62109375,1520.71
2018-02-19,37610.81640625,1515.7
2018-02-20,37827.046875,1517.39
2018-02-21,38122.91796875,1525.24
2018-02-22,37849.80859375,1532.2
2018-02-23,37998.32421875,1532.6
2018-02-26,38078.28515625,1524.9
2018-02-27,37998.32421875,1516.53
2018-02-28,37712.7109375,1478.33
2018-03-01,37712.7109375,1466.28
2018-03-02,37986.88671875,1456.38
2018-03-05,37986.88671875,1469.83
2018-03-06,38089.7109375,1475.53
2018-03-07,38272.50390625,1473.76
2018-03-08,38272.50390625,1474.31
2018-03-09,38386.76171875,1482.1
2018-03-12,38558.109375,1478.88
2018-03-14,38546.71484375,1463.78
2018-03-15,38843.73046875,1467.22
2018-03-16,38843.73046875,1475.75
2018-03-20,38809.4609375,1476.89
2018-03-21,38809.4609375,1486.03
2018-03-22,38672.375,1468.44
2018-03-23,38827.2265625,1459.06
2018-03-26,38827.2265625,1469.04
2018-03-27,38827.2265625,1450.0
2018-03-28,38827.2265625,1455.52
2018-04-02,38964.859375,1470.88
2018-04-03,38999.2578125,1492.84
2018-04-04,40008.67578125,1497.59
2018-04-05,39859.55078125,1514.84
2018-04-06,39859.55078125,1520.76
2018-04-09,39595.7421875,1531.72
2018-04-10,39802.20703125,1548.01
2018-04-11,39825.16015625,1560.08
2018-04-12,39618.68359375,1555.87
2018-04-13,39618.68359375,1538.44
2018-04-16,39744.8515625,1530.0
2018-04-17,39687.49609375,1552.16
2018-04-18,39343.3671875,1562.16
2018-04-19,39802.20703125,1572.45
2018-04-20,39802.20703125,1561.45
2018-04-23,39744.8515625,1576.65
2018-04-24,39802.20703125,1562.55
2018-04-25,39957.64453125,1558.05
2018-04-26,39957.64453125,1553.34
2018-04-27,39957.64453125,1566.45
2018-04-30,40015.22265625,1565.56
2018-05-02,40303.1015625,1565.67
2018-05-03,40303.1015625,1553.03
2018-05-04,40303.1015625,1547.04
2018-05-07,39577.66015625,1544.26
2018-05-08,39577.66015625,1546.45
2018-05-09,40291.578125,1558.46
2018-05-10,40280.08984375,1552.64
2018-05-11,40280.08984375,1550.08
2018-05-15,40245.53125,1571.47
2018-05-16,40234.03125,1547.37
2018-05-17,40245.53125,1525.54
2018-05-18,40245.53125,1520.52
2018-05-21,40130.38671875,1516.71
2018-05-22,40130.38671875,1524.84
2018-05-23,40130.38671875,1523.17
2018-05-24,40130.38671875,1528.32
2018-05-25,40130.38671875,1526.36
2018-05-28,40286.4453125,1524.44
2018-05-29,40448.2734375,1539.19
2018-05-30,40101.48046875,1546.03
2018-05-31,40448.2734375,1546.71
2018-06-01,40448.2734375,1564.47
2018-06-05,40113.0390625,1559.67
2018-06-06,40113.0390625,1554.59
2018-06-07,40402.05078125,1549.53
2018-06-08,40402.05078125,1547.96
2018-06-12,39997.4375,1550.56
2018-06-13,39881.84765625,1553.18
2018-06-14,39384.77734375,1550.94
2018-06-15,39384.77734375,1541.23
2018-06-18,39870.29296875,1555.54
2018-06-19,39303.84375,1537.5
2018-06-20,39870.29296875,1532.26
2018-06-21,39384.77734375,1534.39
2018-06-22,39384.77734375,1522.79
2018-06-25,39535.04296875,1522.66
2018-06-26,40016.69921875,1543.8
2018-06-27,39830.9921875,1550.35
2018-06-28,39459.60546875,1555.61
2018-06-29,39459.60546875,1577.01
2018-07-03,39575.65625,1561.27
2018-07-04,39598.8671875,1570.9
2018-07-05,39981.87890625,1566.95
2018-07-06,39981.87890625,1557.59
2018-07-09,39807.7890625,1555.39
2018-07-10,39993.4765625,1561.16
2018-07-11,39923.83984375,1554.15
2018-07-12,39819.3828125,1545.52
2018-07-13,39819.3828125,1546.75
2018-07-16,40272.01171875,1551.33
2018-07-17,40318.44140625,1549.97
2018-07-18,40225.60546875,1552.15
2018-07-19,40225.60546875,1547.34
2018-07-23,39900.6484375,1549.19
2018-07-24,39749.765625,1545.03
2018-07-25,40306.82421875,1527.4
2018-07-26,40487.42578125,1537.36
2018-07-27,40487.42578125,1536.13
2018-07-30,40755.40234375,1548.13
2018-07-31,39904.8828125,1526.6
2018-08-01,39986.43359375,1540.41
2018-08-02,40184.5078125,1529.17
2018-08-03,40184.5078125,1531.96
2018-08-06,40184.5078125,1528.09
2018-08-08,40196.15625,1541.73
2018-08-09,40196.15625,1532.11
2018-08-10,40196.15625,1524.96
2018-08-13,39986.43359375,1520.03
2018-08-14,39904.8828125,1523.72
2018-08-15,40161.19140625,1520.61
2018-08-16,39904.8828125,1525.29
2018-08-17,39904.8828125,1528.58
2018-08-21,40172.8515625,1533.2
2018-08-22,40184.5078125,1536.09
2018-08-23,40172.8515625,1534.56
2018-08-24,40172.8515625,1538.7
2018-08-27,40196.15625,1544.32
2018-08-28,40354.06640625,1548.27
2018-08-29,40354.06640625,1543.68
2018-08-30,40237.08203125,1540.61
2018-08-31,40237.08203125,1542.77
2018-09-03,40096.71875,1536.16
2018-09-04,40354.06640625,1530.34
2018-09-05,40202.0,1508.94
2018-09-06,39944.671875,1485.16
2018-09-07,39944.671875,1475.9
2018-09-10,39769.203125,1471.81
2018-09-11,39944.671875,1480.57
2018-09-12,39944.671875,1510.38
2018-09-13,39944.671875,1501.31
2018-09-14,39944.671875,1498.21
2018-09-17,39769.203125,1495.4
2018-09-18,39430.0,1509.65
2018-09-19,39769.203125,1505.63
2018-09-20,39476.79296875,1485.86
2018-09-21,39476.79296875,1482.99
2018-09-24,39769.203125,1492.33
2018-09-25,39927.74609375,1488.6
2018-09-26,39869.03515625,1487.07
2018-09-27,39927.74609375,1498.14
2018-09-28,39927.74609375,1506.07
2018-10-01,39105.7109375,1512.97
2018-10-02,39105.7109375,1511.94
2018-10-03,39916.01171875,1524.86
2018-10-04,39622.42578125,1517.36
2018-10-05,39598.92578125,1494.99
2018-10-10,39692.87109375,1479.75
2018-10-11,39692.87109375,1459.97
2018-10-12,39692.87109375,1462.71
2018-10-16,39493.25,1479.01
2018-10-17,39493.25,1476.33
2018-10-18,39575.43359375,1461.26
2018-10-19,39810.328125,1452.38
2018-10-22,39575.43359375,1440.38
2018-10-23,39575.43359375,1433.9
2018-10-24,39810.328125,1411.99
2018-10-25,39810.328125,1395.49
2018-10-26,38908.35546875,1397.17
2018-10-29,38943.71484375,1392.46
2018-10-30,38943.71484375,1394.92
2018-10-31,38908.35546875,1392.18
2018-11-01,37741.1015625,1383.02
2018-11-02,37729.30859375,1390.97
2018-11-06,37717.515625,1401.69
2018-11-07,37717.515625,1423.2
2018-11-08,37670.359375,1424.96
2018-11-09,37729.30859375,1419.91
2018-11-13,37729.30859375,1387.37
2018-11-14,37729.30859375,1401.51
2018-11-15,37493.48828125,1426.96
2018-11-16,37717.515625,1436.9
2018-11-19,37493.48828125,1423.09
2018-11-20,34616.640625,1389.24
2018-11-21,35371.21484375,1390.19
2018-11-22,34781.703125,1388.3
2018-11-23,35100.046875,1370.91
2018-11-26,35253.31640625,1393.78
2018-11-27,35472.4453125,1383.27
2018-11-28,35413.20703125,1385.13
2018-11-29,34643.3671875,1386.8
2018-11-30,35176.3359375,1379.24
2018-12-03,35010.50390625,1405.61
2018-12-04,35069.73828125,1399.71
2018-12-05,34939.45703125,1408.41
2018-12-06,35022.375,1390.0
2018-12-07,35057.890625,1382.45
2018-12-10,34939.45703125,1377.03
2018-12-11,34939.45703125,1373.35
2018-12-12,34939.45703125,1374.29
2018-12-13,33186.5625,1365.35
2018-12-14,34880.2421875,1359.31
2018-12-17,33162.875,1335.64
2018-12-18,33755.078125,1336.14
2018-12-19,32570.689453125,1332.35
2018-12-20,33162.875,1298.37
2018-12-21,31978.494140625,1301.86
2018-12-24,33091.8203125,1301.6
2018-12-26,33091.8203125,1329.15
2018-12-27,32985.20703125,1324.99
2018-12-28,33044.4296875,1325.93
2019-01-02,32169.689453125,1332.8
2019-01-03,33919.19921875,1348.53
2019-01-04,33347.921875,1356.75
2019-01-08,33621.66015625,1368.24
2019-01-09,34514.2734375,1377.61
2019-01-10,34514.2734375,1384.07
2019-01-11,34514.2734375,1388.38
2019-01-14,34514.2734375,1393.2
2019-01-15,34502.37890625,1393.09
2019-01-16,33966.80078125,1391.34
2019-01-17,33383.63671875,1391.42
2019-01-18,33776.37890625,1392.95
2019-01-21,34811.82421875,1398.94
2019-01-22,34788.0,1403.94
2019-01-23,34371.453125,1406.52
2019-01-24,34395.25390625,1416.76
2019-01-25,34811.82421875,1425.47
2019-01-28,35097.453125,1430.18
2019-01-29,34811.82421875,1437.45
2019-01-30,35085.54296875,1449.65
2019-01-31,35585.40625,1447.01
2019-02-01,35746.8046875,1462.03
2019-02-04,37336.85546875,1474.94
2019-02-05,37540.1171875,1493.39
2019-02-06,38305.25390625,1488.9
2019-02-07,37827.0234375,1472.11
2019-02-08,37839.00390625,1468.77
2019-02-11,38257.4453125,1468.42
2019-02-12,37659.671875,1473.73
2019-02-13,37839.00390625,1472.57
2019-02-14,37635.76171875,1476.79
2019-02-15,37659.671875,1488.84
2019-02-18,37779.23828125,1482.69
2019-02-19,37767.27734375,1477.76
2019-02-20,37862.9140625,1478.64
2019-02-21,37934.6484375,1478.49
2019-02-22,37659.671875,1491.74
2019-02-25,38245.49609375,1509.88
2019-02-26,37659.671875,1519.95
2019-02-27,38197.6640625,1516.64
2019-02-28,37731.41015625,1508.27
2019-03-01,38445.8203125,1515.35
2019-03-04,38085.60546875,1517.0
2019-03-05,38421.79296875,1518.21
2019-03-06,40799.15625,1532.06
2019-03-07,40090.7421875,1517.84
2019-03-08,39346.3203125,1503.01
2019-03-11,40811.1484375,1525.79
2019-03-12,40811.1484375,1533.35
2019-03-13,41423.4921875,1560.4
2019-03-14,41423.4921875,1575.11
2019-03-15,40522.9921875,1579.72
2019-03-18,40583.02734375,1606.37
2019-03-19,40835.16796875,1613.71
2019-03-20,40763.1328125,1628.22
2019-03-21,40534.98046875,1631.3
2019-03-22,40751.10546875,1597.19
2019-03-26,40703.09375,1607.03
2019-03-27,40150.78125,1572.68
2019-03-28,39812.96484375,1569.91
2019-03-29,39812.96484375,1587.74
2019-04-01,39812.96484375,1581.9
2019-04-02,39511.359375,1579.51
2019-04-03,40295.55078125,1590.64
2019-04-04,40283.48828125,1590.15
2019-04-05,39812.96484375,1599.83
2019-04-08,40295.55078125,1616.35
2019-04-09,40355.87109375,1621.4
2019-04-10,40416.1953125,1625.21
2019-04-11,40174.921875,1611.6
2019-04-12,40174.921875,1604.97
2019-04-15,40476.5078125,1572.75
2019-04-16,40476.5078125,1581.43
2019-04-17,40295.55078125,1574.31
2019-04-22,40428.26953125,1591.18
2019-04-23,40428.26953125,1595.02
2019-04-24,40886.72265625,1600.17
2019-04-25,42292.84375,1599.81
2019-04-26,42232.23046875,1597.75
2019-04-29,42365.56640625,1590.38
2019-04-30,42365.56640625,1573.64
2019-05-02,41371.5859375,1562.02
2019-05-03,41371.5859375,1555.38
2019-05-06,41517.046875,1549.16
2019-05-07,41517.046875,1535.26
2019-05-08,41771.609375,1539.31
2019-05-09,40147.28125,1542.57
2019-05-10,40207.8984375,1550.38
2019-05-13,40207.8984375,1515.81
2019-05-14,40207.8984375,1509.11
2019-05-15,40583.6796875,1501.55
2019-05-16,40207.8984375,1503.06
2019-05-17,40377.60546875,1500.05
2019-05-20,40620.04296875,1482.74
2019-05-21,40620.04296875,1493.41
2019-05-22,40316.99609375,1489.43
2019-05-23,40607.9296875,1472.15
2019-05-24,40607.9296875,1489.41
2019-05-27,40304.87109375,1480.01
2019-05-28,40499.75,1463.38
2019-05-29,39890.73828125,1481.72
2019-05-30,39902.91015625,1487.06
2019-05-31,40170.88671875,1487.0
2019-06-04,39708.0234375,1497.35
2019-06-05,39708.0234375,1483.42
2019-06-06,39610.5859375,1489.99
2019-06-07,39318.26171875,1509.82
2019-06-11,39951.64453125,1519.97
2019-06-12,40304.8671875,1513.16
2019-06-13,40304.8671875,1521.69
2019-06-14,40414.48828125,1526.36
2019-06-17,40560.66015625,1518.29
2019-06-18,40816.4453125,1537.81
2019-06-19,40926.078125,1546.24
2019-06-20,41705.625,1554.67
2019-06-21,41705.625,1560.19
2019-06-25,41057.01953125,1557.86
2019-06-26,41901.42578125,1549.72
2019-06-27,41142.68359375,1547.69
2019-06-28,41130.4609375,1548.98
2019-07-02,41203.859375,1543.76
2019-07-03,41203.859375,1563.72
2019-07-04,41840.2265625,1565.96
2019-07-05,41840.2265625,1579.19
2019-07-08,41852.4609375,1581.08
2019-07-09,41852.4609375,1588.9
2019-07-10,42207.359375,1600.91
2019-07-11,43382.15625,1600.5
2019-07-12,43320.96484375,1605.15
2019-07-15,43320.96484375,1605.01
2019-07-16,43320.96484375,1619.62
2019-07-17,45278.98046875,1607.23
2019-07-18,44911.84765625,1586.96
2019-07-19,44618.16796875,1600.39
2019-07-22,44728.27734375,1594.44
2019-07-23,44728.27734375,1602.15
2019-07-24,44728.27734375,1592.71
2019-07-25,44667.0859375,1595.47
2019-07-26,44273.76953125,1580.56
2019-07-29,44925.2109375,1585.26
2019-07-30,44925.2109375,1568.06
2019-07-31,44851.47265625,1562.13
2019-08-01,43941.90234375,1537.58
2019-08-02,43671.49609375,1543.38
2019-08-05,43020.05859375,1503.0
2019-08-06,43020.05859375,1512.83
2019-08-08,43634.62890625,1545.44
2019-08-09,43634.62890625,1537.8
2019-08-12,43634.62890625,1531.2
2019-08-13,43634.62890625,1554.59
2019-08-14,43806.7109375,1515.8
2019-08-15,41962.98828125,1524.19
2019-08-16,42171.94140625,1542.81
2019-08-20,43142.9609375,1548.46
2019-08-21,43142.9609375,1541.56
2019-08-22,43585.4609375,1526.96
2019-08-23,43929.62890625,1505.29
2019-08-26,43155.26953125,1519.08
2019-08-27,43352.80859375,1531.51
2019-08-28,43846.73828125,1536.69
2019-08-29,44143.06640625,1542.36
2019-08-30,43871.41796875,1559.52
2019-09-02,43871.41796875,1560.81
2019-09-03,43871.41796875,1561.49
2019-09-04,44167.76171875,1565.89
2019-09-05,43896.125,1567.35
2019-09-06,44439.41796875,1567.53
2019-09-09,45069.140625,1576.75
2019-09-10,45069.140625,1572.81
2019-09-11,45069.140625,1585.72
2019-09-12,45377.83984375,1587.66
2019-09-13,45686.5390625,1580.6
2019-09-16,46921.3046875,1600.63
2019-09-17,46921.3046875,1597.94
2019-09-18,46921.3046875,1597.36
2019-09-19,46316.2578125,1594.1
2019-09-20,46303.9296875,1594.22
2019-09-23,47909.125,1597.15
2019-09-24,47909.125,1591.09
2019-09-25,48355.484375,1596.35
2019-09-26,47735.5390625,1601.43
2019-09-27,48653.078125,1584.99
2019-09-30,49843.34765625,1577.96
2019-10-01,49843.34765625,1582.42
2019-10-02,49595.38671875,1574.83
2019-10-03,49892.94921875,1588.62
2019-10-04,49818.5390625,1593.05
2019-10-07,49595.38671875,1596.94
2019-10-08,49595.38671875,1589.89
2019-10-09,49595.38671875,1589.31
2019-10-10,49706.98046875,1583.44
2019-10-11,49595.38671875,1590.86
2019-10-15,48665.453125,1578.89
2019-10-16,48665.453125,1579.51
2019-10-17,49657.359375,1578.63
2019-10-18,49607.76171875,1578.61
2019-10-21,50215.30859375,1597.56
2019-10-22,50215.30859375,1613.42
2019-10-23,50835.234375,1613.32
2019-10-24,51021.234375,1616.05
2019-10-25,50897.2265625,1628.55
2019-10-28,53598.32421875,1622.0
2019-10-29,53598.32421875,1633.28
2019-10-30,54444.74609375,1633.92
2019-10-31,54158.46484375,1633.15
2019-11-01,54158.46484375,1645.88
2019-11-05,55067.12109375,1665.69
2019-11-06,55988.19140625,1657.15
2019-11-07,55813.9453125,1655.73
2019-11-08,55328.51953125,1636.23
2019-11-12,52951.0625,1632.02
2019-11-13,52926.16796875,1624.26
2019-11-14,51034.15234375,1613.9
2019-11-15,51656.5546875,1627.25
2019-11-18,51345.34765625,1622.74
2019-11-19,52254.01953125,1607.58
2019-11-20,51034.15234375,1600.49
2019-11-21,51021.71484375,1599.69
2019-11-22,51009.26953125,1613.84
2019-11-25,51034.15234375,1600.81
2019-11-26,51234.09375,1597.16
2019-11-27,51858.921875,1587.33
2019-11-28,53733.3203125,1603.54
2019-11-29,53733.3203125,1611.92
2019-12-02,54045.74609375,1598.33
2019-12-03,51259.09765625,1589.9
2019-12-04,51421.54296875,1612.12
2019-12-05,53733.3203125,1614.74
2019-12-06,53733.3203125,1611.67
2019-12-09,53420.92578125,1605.35
2019-12-10,53720.828125,1602.94
2019-12-11,53720.828125,1605.32
2019-12-12,53733.3203125,1618.56
2019-12-13,54358.13671875,1630.8
2019-12-16,54345.64453125,1632.0
2019-12-17,54358.13671875,1625.01
2019-12-18,54295.65625,1635.73
2019-12-19,54358.13671875,1646.72
2019-12-20,54358.13671875,1642.86
2019-12-23,54982.9375,1665.04
2019-12-24,54982.9375,1666.62
2019-12-26,55810.71875,1659.89
2019-12-27,54543.9921875,1661.21
2019-12-30,53390.140625,1662.42
2020-01-02,53390.140625,1658.77
2020-01-03,55672.734375,1676.49
2020-01-07,53929.4296875,1663.83
2020-01-08,53929.4296875,1656.96
2020-01-09,54631.7734375,1653.54
2020-01-10,55748.00390625,1654.93
2020-01-13,53954.52734375,1651.93
2020-01-14,54681.93359375,1653.18
2020-01-15,55183.60546875,1648.78
2020-01-16,55497.16796875,1647.8
2020-01-17,55497.16796875,1656.04
2020-01-20,53992.14453125,1656.37
2020-01-21,54870.0703125,1653.48
2020-01-22,55559.8671875,1650.36
2020-01-23,54870.0703125,1648.18
2020-01-24,55810.71875,1647.91
2020-01-27,54970.41015625,1623.97
2020-01-28,55385.7890625,1624.66
2020-01-29,55624.953125,1633.81
2020-01-30,55108.90234375,1638.15
2020-01-31,56015.19140625,1623.83
2020-02-03,56015.19140625,1625.18
2020-02-04,56040.3671875,1643.92
2020-02-05,56015.19140625,1656.3
2020-02-06,56455.734375,1653.96
2020-02-07,56455.734375,1654.7
2020-02-10,54882.27734375,1643.17
2020-02-11,55045.921875,1645.22
2020-02-12,55045.921875,1659.54
2020-02-13,55348.03125,1663.07
2020-02-14,56455.734375,1664.4
2020-02-17,56455.734375,1665.39
2020-02-18,56455.734375,1665.36
2020-02-19,56480.92578125,1676.29
2020-02-20,56480.92578125,1669.6
2020-02-21,56417.97265625,1631.45
2020-02-24,56430.56640625,1622.66
2020-02-25,55697.8828125,1612.48
2020-02-26,55584.171875,1589.74
2020-02-27,55053.6015625,1556.69
2020-02-28,54346.16796875,1549.61
2020-03-02,54952.546875,1536.48
2020-03-03,54636.73046875,1512.61
2020-03-04,54674.609375,1544.53
2020-03-05,55558.91796875,1546.66
2020-03-06,55521.015625,1502.84
2020-03-09,52426.0,1344.6
2020-03-10,50606.87109375,1360.21
2020-03-11,51794.328125,1295.46
2020-03-12,51162.71484375,1174.31
2020-03-13,51162.71484375,1174.31
2020-03-16,44214.69140625,997.78
2020-03-17,46678.078125,1000.5
2020-03-18,41056.5,894.03
2020-03-19,39161.578125,899.75
2020-03-20,39161.578125,919.59
2020-03-24,36635.0234375,923.53
2020-03-25,39148.9453125,1046.18
2020-03-26,39148.9453125,1167.04
2020-03-27,47097.62109375,1147.54
2020-03-30,46996.0078125,1129.18
2020-03-31,45090.76953125,1123.85
2020-04-01,44443.00390625,1063.03
2020-04-02,47770.80078125,1114.43
2020-04-03,47948.625,1127.55
2020-04-06,48583.72265625,1160.12
2020-04-07,48266.1640625,1163.43
2020-04-08,46996.0078125,1187.13
2020-04-13,46996.0078125,1193.98
2020-04-14,46970.609375,1211.06
2020-04-15,46970.609375,1204.01
2020-04-16,46360.91796875,1202.54
2020-04-17,46348.22265625,1192.08
2020-04-20,46360.91796875,1179.6
2020-04-21,44455.69140625,1131.29
2020-04-22,44265.171875,1132.78
2020-04-23,44455.69140625,1151.78
2020-04-24,42550.44921875,1122.37
2020-04-27,42637.2421875,1116.17
2020-04-28,42101.09375,1145.34
2020-04-29,41539.40625,1145.89
2020-04-30,40850.05078125,1142.04
2020-05-04,39573.48828125,1105.43
2020-05-05,40518.15625,1099.28
2020-05-06,38399.046875,1090.43
2020-05-07,39573.48828125,1113.37
2020-05-08,40084.125,1110.26
2020-05-11,40211.77734375,1104.09
2020-05-12,39573.48828125,1089.29
2020-05-13,38896.91796875,1055.27
2020-05-14,37837.375,1052.23
2020-05-15,37403.33203125,1053.75
2020-05-18,37658.6484375,1082.96
2020-05-19,37594.8125,1067.65
2020-05-20,38296.92578125,1072.29
2020-05-21,37786.30859375,1066.11
2020-05-22,38143.73046875,1057.66
2020-05-26,38282.40234375,1072.78
2020-05-27,37871.578125,1088.42
2020-05-28,37743.19921875,1085.55
2020-05-29,37229.6796875,1095.84
2020-06-01,38385.09375,1117.02
2020-06-02,37871.578125,1117.69
2020-06-03,37871.578125,1158.05
2020-06-04,38834.421875,1163.84
2020-06-05,40131.0390625,1203.07
2020-06-08,42005.35546875,1228.24
2020-06-09,41466.16796875,1209.99
2020-06-10,41081.02734375,1177.99
2020-06-11,39989.828125,1121.55
2020-06-12,41697.25,1143.13
2020-06-16,42095.2265625,1154.63
2020-06-17,42981.046875,1139.3
2020-06-18,43584.41015625,1139.0
2020-06-19,43969.546875,1161.41
2020-06-23,41799.9609375,1143.28
2020-06-24,40971.4921875,1125.48
2020-06-25,40003.66015625,1125.03
2020-06-26,39668.1484375,1110.65
2020-06-30,39048.7421875,1111.8
2020-07-01,39822.9921875,1109.91
2020-07-02,39874.609375,1118.97
2020-07-03,40352.07421875,1125.26
2020-07-06,40352.07421875,1129.47
2020-07-07,40081.1015625,1131.84
2020-07-08,40945.6875,1153.54
2020-07-09,40648.890625,1143.1
2020-07-10,41410.23828125,1147.78
2020-07-13,41939.3203125,1145.16
2020-07-14,42390.98828125,1144.53
2020-07-15,42584.55078125,1144.85
2020-07-16,43100.7109375,1153.15
2020-07-17,43100.7109375,1156.16
2020-07-21,43229.76171875,1166.61
2020-07-22,43874.97265625,1168.52
2020-07-23,44262.11328125,1181.78
2020-07-24,43926.609375,1173.93
2020-07-27,43913.69140625,1180.73
2020-07-28,44092.65234375,1170.99
2020-07-29,43444.23828125,1174.91
2020-07-30,43120.03515625,1164.66
2020-07-31,40254.0078125,1134.34
2020-08-03,40980.23046875,1133.1
2020-08-04,40526.34765625,1128.41
2020-08-05,41019.1328125,1138.01
2020-08-06,41473.0234375,1142.18
2020-08-10,41719.41796875,1143.5
2020-08-11,41797.24609375,1134.41
2020-08-12,41732.40234375,1141.78
2020-08-13,42121.46484375,1149.97
2020-08-14,42147.39453125,1153.28
2020-08-18,42458.6328125,1168.46
2020-08-19,42705.03125,1161.72
2020-08-20,43379.3984375,1174.12
2020-08-21,43962.97265625,1186.29
2020-08-24,43962.97265625,1205.18
2020-08-25,44481.70703125,1230.56
2020-08-26,44922.1875,1227.31
2020-08-27,45547.7578125,1225.22
2020-08-28,45287.1015625,1226.21
2020-08-31,44961.296875,1216.03
2020-09-01,45287.1015625,1255.76
2020-09-02,46916.13671875,1258.16
2020-09-03,45313.1796875,1246.82
2020-09-04,45313.1796875,1240.24
2020-09-07,45313.1796875,1242.98
2020-09-08,44948.2734375,1232.34
2020-09-09,45612.91796875,1239.93
2020-09-10,44961.296875,1219.67
2020-09-11,44948.2734375,1212.45
2020-09-14,44531.25,1199.65
2020-09-15,43671.09375,1193.71
2020-09-16,43970.83984375,1195.95
2020-09-17,43983.88671875,1192.53
2020-09-18,44296.65625,1206.55
2020-09-21,44505.1796875,1197.55
2020-09-22,44622.45703125,1187.73
2020-09-23,45287.1015625,1179.38
2020-09-24,45547.7578125,1180.49
2020-09-25,44523.703125,1171.35
2020-09-28,43908.234375,1176.66
2020-09-29,44523.703125,1165.75
2020-09-30,45178.4609375,1171.92
2020-10-01,45178.4609375,1162.36
2020-10-02,44523.703125,1165.01
2020-10-05,47077.27734375,1168.04
2020-10-06,46618.9375,1168.93
2020-10-07,46632.03125,1174.49
2020-10-08,46632.03125,1186.42
2020-10-09,44851.08984375,1190.01
2020-10-13,43999.8984375,1170.72
2020-10-14,42624.89453125,1171.36
2020-10-15,44517.1640625,1166.01
2020-10-16,44517.1640625,1171.8
2020-10-19,44523.703125,1174.94
2020-10-20,47666.546875,1187.39
2020-10-21,47142.73828125,1177.92
2020-10-22,47142.73828125,1177.89
2020-10-23,47142.73828125,1175.33
2020-10-26,45545.12890625,1177.09
2020-10-27,45772.76953125,1162.58
2020-10-28,46713.640625,1120.37
2020-10-29,46384.66015625,1131.27
2020-10-30,44766.125,1136.75
2020-11-03,44759.5390625,1151.37
2020-11-04,44805.61328125,1156.41
2020-11-05,46055.69921875,1163.03
2020-11-06,46055.69921875,1172.34
2020-11-09,46187.26953125,1213.69
2020-11-10,45739.890625,1213.39
2020-11-11,46292.5546875,1220.06
2020-11-12,46101.74609375,1207.21
2020-11-13,45726.73046875,1209.87
2020-11-17,46884.6875,1230.73
2020-11-18,47371.56640625,1234.56
2020-11-19,46496.51953125,1230.81
2020-11-20,47042.59765625,1239.74
2020-11-23,47042.59765625,1247.94
2020-11-24,47371.56640625,1270.61
2020-11-25,47064.8671875,1263.65
2020-11-26,46932.65625,1263.04
2020-11-27,46602.15234375,1261.74
2020-11-30,46608.74609375,1258.0
2020-12-01,47659.7890625,1285.12
2020-12-02,47593.67578125,1288.49
2020-12-03,47791.9921875,1298.13
2020-12-04,47791.9921875,1341.23
2020-12-07,50231.15625,1363.74
2020-12-09,49788.27734375,1383.59
2020-12-10,49180.12109375,1368.49
2020-12-11,49603.17578125,1377.67
2020-12-14,49444.55078125,1389.31
2020-12-15,49854.36328125,1408.02
2020-12-16,50885.56640625,1421.47
2020-12-17,50237.76171875,1443.59
2020-12-18,49722.15234375,1426.47
2020-12-21,50237.76171875,1377.38
2020-12-22,50224.5546875,1400.91
2020-12-23,50555.05078125,1416.62
2020-12-24,49768.9609375,1422.21
2020-12-28,50459.44140625,1431.05
2020-12-29,50977.3125,1450.72
2020-12-30,50193.875,1437.89
2021-01-04,50977.3125,1418.01
2021-01-05,51388.96875,1431.73
2021-01-06,51388.96875,1436.03
2021-01-07,50492.640625,1435.74
2021-01-08,51123.40234375,1453.12
2021-01-12,51322.5625,1461.73
2021-01-13,51455.35546875,1456.03
2021-01-14,51455.35546875,1467.12
2021-01-15,52444.640625,1452.58
2021-01-18,51136.6953125,1454.5
2021-01-19,52079.45703125,1459.41
2021-01-20,54443.078125,1459.85
2021-01-21,53712.75390625,1446.23
2021-01-22,54111.1328125,1418.98
2021-01-25,54350.14453125,1397.65
2021-01-26,54574.140625,1402.25
2021-01-27,54267.4609375,1374.85
2021-01-28,53087.45703125,1367.2
2021-01-29,55600.8203125,1348.12
2021-02-01,55600.8203125,1357.16
2021-02-02,55067.4765625,1368.3
2021-02-03,53814.13671875,1359.03
2021-02-04,53534.1484375,1359.63
2021-02-05,53194.1171875,1370.46
2021-02-08,53674.13671875,1383.38
2021-02-09,54000.80859375,1380.29
2021-02-10,53467.4609375,1374.2
2021-02-11,53667.4765625,1367.79
2021-02-12,53527.484375,1365.95
2021-02-15,55494.15234375,1369.39
2021-02-16,55467.484375,1363.17
2021-02-17,55534.1484375,1366.29
2021-02-18,54654.16015625,1353.68
2021-02-19,53734.1328125,1352.57
2021-02-22,54007.46875,1352.21
2021-02-23,55517.7578125,1355.24
2021-02-24,54219.01171875,1370.75
2021-02-25,53696.84765625,1335.79
2021-02-26,52893.50390625,1359.48
2021-03-01,52933.67578125,1355.7
2021-03-02,52886.80078125,1350.04
2021-03-03,52906.89453125,1347.22
2021-03-04,52906.89453125,1337.12
2021-03-05,52444.96875,1344.72
2021-03-08,53522.7734375,1336.98
2021-03-09,53221.53515625,1341.73
2021-03-10,52337.86328125,1347.47
2021-03-11,52337.86328125,1350.35
2021-03-12,52806.45703125,1353.68
2021-03-15,52886.80078125,1356.98
2021-03-16,53034.1015625,1350.14
2021-03-17,53034.1015625,1343.56
2021-03-18,52886.80078125,1325.59
2021-03-19,52485.13671875,1324.54
2021-03-23,52485.13671875,1319.82
2021-03-24,52485.13671875,1325.33
2021-03-25,52485.13671875,1320.11
2021-03-26,53021.25,1314.46
2021-03-29,53054.86328125,1320.83
2021-03-30,53027.98046875,1327.32
2021-03-31,52403.1875,1316.81
2021-04-05,52940.62890625,1323.97
2021-04-06,53041.42578125,1324.35
2021-04-07,53027.98046875,1335.89
2021-04-08,51885.84765625,1325.93
2021-04-09,51731.34375,1322.11
2021-04-12,51731.34375,1317.76
2021-04-13,51724.609375,1312.55
2021-04-14,51724.609375,1320.96
2021-04-15,52658.46484375,1321.8
2021-04-16,51704.453125,1317.08
2021-04-19,51502.91796875,1312.62
2021-04-20,51509.62109375,1311.39
2021-04-21,51435.734375,1305.14
2021-04-22,51086.3671875,1296.07
2021-04-23,50757.171875,1282.21
2021-04-26,51529.77734375,1286.57
2021-04-27,52930.9296875,1293.15
2021-04-28,52371.27734375,1286.16
2021-04-29,53214.125,1278.0
2021-04-30,52930.9296875,1250.65
2021-05-03,52526.359375,1216.62
2021-05-04,51926.25390625,1217.67
2021-05-05,51319.40234375,1240.04
2021-05-06,51245.22265625,1266.56
2021-05-07,50570.95703125,1281.93
2021-05-10,50570.95703125,1311.73
2021-05-11,50233.8203125,1292.14
2021-05-12,50557.4765625,1285.33
2021-05-13,50334.95703125,1262.29
2021-05-14,50233.8203125,1289.75
2021-05-18,50098.953125,1268.14
2021-05-19,49667.41796875,1265.64
2021-05-20,48885.2578125,1254.62
2021-05-21,47469.26171875,1244.08
2021-05-24,46188.14453125,1227.68
2021-05-25,46174.65234375,1203.8
2021-05-26,45360.859375,1190.78
2021-05-27,45699.3828125,1182.18
2021-05-28,47229.45703125,1206.63
2021-05-31,47391.96484375,1200.9
2021-06-01,48299.16796875,1223.18
2021-06-02,48651.21484375,1247.98
2021-06-03,48339.78125,1258.26
2021-06-04,48197.609375,1245.44
2021-06-08,48664.76171875,1258.64
2021-06-09,48746.0,1255.31
2021-06-10,49355.32421875,1260.21
2021-06-11,47744.00390625,1261.61
2021-06-15,48746.0,1252.27
2021-06-16,48739.23828125,1250.78
2021-06-17,47642.453125,1248.79
2021-06-18,47527.35546875,1257.29
2021-06-21,48055.4296875,1246.44
2021-06-22,47391.96484375,1242.7
2021-06-23,47053.4296875,1246.96
2021-06-24,47391.96484375,1278.81
2021-06-25,47913.984375,1284.2
2021-06-28,47580.92578125,1270.88
2021-06-29,47540.1328125,1257.0
2021-06-30,47444.984375,1248.83
2021-07-01,47920.78515625,1260.42
2021-07-02,47832.4140625,1289.38
2021-07-06,46901.1875,1272.05
2021-07-07,48260.6484375,1286.43
2021-07-08,48247.04296875,1284.04
2021-07-09,48233.44140625,1293.02
2021-07-12,48233.44140625,1298.44
2021-07-13,48593.71875,1293.76
2021-07-14,48457.75390625,1284.44
2021-07-15,48457.75390625,1273.21
2021-07-16,48437.3671875,1272.49
2021-07-19,47574.12109375,1238.12
2021-07-21,47438.16796875,1250.71
2021-07-22,47907.171875,1251.87
2021-07-23,47900.3828125,1254.24
2021-07-26,47574.12109375,1256.31
2021-07-27,46405.7734375,1249.61
2021-07-28,46849.3671875,1243.13
2021-07-29,47681.94140625,1245.86
2021-07-30,46603.68359375,1236.73
2021-08-02,46405.7734375,1236.03
2021-08-03,47620.51171875,1235.53
2021-08-04,46815.23046875,1240.84
2021-08-05,47224.703125,1227.35
2021-08-06,47333.90625,1226.59
2021-08-09,46487.66796875,1229.44
2021-08-10,46535.4453125,1236.31
2021-08-11,46112.34375,1246.69
2021-08-12,46542.2734375,1258.53
2021-08-13,47763.84375,1268.79
2021-08-17,48439.4296875,1301.69
2021-08-18,50015.875,1325.93
2021-08-19,49135.53125,1329.67
2021-08-20,49463.109375,1326.91
2021-08-23,49688.3046875,1334.48
2021-08-24,49681.48828125,1328.29
2021-08-25,49988.6015625,1329.79
2021-08-26,50192.73046875,1313.99
2021-08-27,50000.89453125,1325.51
2021-08-30,49322.72265625,1322.57
2021-08-31,48295.16796875,1319.96
2021-09-01,48980.19140625,1321.27
2021-09-02,48671.94140625,1331.9
2021-09-03,48028.0078125,1327.47
2021-09-06,48028.0078125,1327.09
2021-09-07,48226.66015625,1320.98
2021-09-08,48302.01953125,1320.39
2021-09-09,48760.984375,1322.78
2021-09-10,48952.80859375,1320.52
2021-09-13,48966.5078125,1312.43
2021-09-14,49487.125,1310.22
2021-09-15,49322.72265625,1322.14
2021-09-16,50912.01171875,1323.37
2021-09-17,50213.26953125,1321.85
2021-09-20,49925.5625,1306.62
2021-09-21,49925.5625,1301.46
2021-09-22,50213.26953125,1310.25
2021-09-23,50213.26953125,1312.22
2021-09-24,50213.26953125,1309.38
2021-09-27,50404.4453125,1345.4
2021-09-28,50459.4375,1350.53
2021-09-29,50198.14453125,1360.41
2021-09-30,49661.7890625,1361.95
2021-10-01,50177.51953125,1370.25
2021-10-04,49991.84765625,1381.76
2021-10-05,49579.265625,1383.22
2021-10-06,50535.09375,1381.86
2021-10-07,51092.08984375,1393.5
2021-10-08,50748.2578125,1401.0
2021-10-11,50679.48828125,1406.25
2021-10-12,50425.07421875,1386.45
2021-10-13,50425.07421875,1394.22
2021-10-14,50198.14453125,1416.68
2021-10-15,50878.90625,1426.2
2021-10-19,51071.46875,1416.49
2021-10-20,50741.375,1414.1
2021-10-21,50741.375,1410.2
2021-10-22,50535.09375,1399.64
2021-10-25,50679.48828125,1402.04
2021-10-26,51085.37890625,1413.32
2021-10-27,51085.37890625,1404.09
2021-10-28,52452.06640625,1407.92
2021-10-29,52389.9296875,1394.04
2021-11-02,51768.70703125,1390.5
2021-11-03,51285.546875,1404.52
2021-11-04,50740.23828125,1392.19
2021-11-05,50388.20703125,1388.56
2021-11-08,50443.42578125,1394.23
2021-11-09,51395.99609375,1384.59
2021-11-10,51354.5546875,1365.65
2021-11-11,50388.20703125,1365.84
2021-11-12,50443.42578125,1356.48
2021-11-16,50733.33984375,1333.47
2021-11-17,50043.08203125,1330.57
2021-11-18,50250.16015625,1337.52
2021-11-19,49704.87109375,1298.64
2021-11-22,49697.97265625,1312.18
2021-11-23,49076.7421875,1316.43
2021-11-24,49007.71484375,1330.18
2021-11-25,49886.38671875,1338.85
2021-11-26,49207.27734375,1318.31
2021-11-29,49207.27734375,1347.45
2021-11-30,48853.875,1373.84
2021-12-01,48507.40234375,1418.24
2021-12-02,49186.49609375,1440.89
2021-12-03,49214.21484375,1431.94
2021-12-06,48853.875,1430.66
2021-12-07,48521.25,1409.94
2021-12-09,48043.1171875,1399.15
2021-12-10,48036.1796875,1389.16
2021-12-13,48597.46875,1353.91
2021-12-14,48160.90625,1358.8
2021-12-15,48507.40234375,1375.2
2021-12-16,49886.38671875,1407.88
2021-12-17,49872.53515625,1395.0
2021-12-20,49539.91015625,1380.89
2021-12-21,48514.3203125,1378.82
2021-12-22,49546.8515625,1394.49
2021-12-23,49824.0234375,1395.46
2021-12-24,49824.0234375,1401.66
2021-12-27,49200.35546875,1404.62
2021-12-28,49372.89453125,1408.2
2021-12-29,48927.640625,1415.79
2021-12-30,48837.21484375,1410.97
2022-01-03,48837.21484375,1415.06
2022-01-04,49045.90625,1423.88
2022-01-05,49045.90625,1402.4
2022-01-06,48913.7421875,1381.74
2022-01-07,50367.7265625,1394.22
2022-01-11,51480.81640625,1422.57
2022-01-12,49672.04296875,1450.75
2022-01-13,49678.98046875,1466.67
2022-01-14,49240.70703125,1431.84
2022-01-17,49240.70703125,1522.21
2022-01-18,49240.70703125,1585.23
2022-01-19,49240.70703125,1582.84
2022-01-20,52524.3515625,1547.47
2022-01-21,52872.17578125,1523.56
2022-01-24,52941.7578125,1522.12
2022-01-25,53414.82421875,1527.48
2022-01-26,52387.046875,1522.26
2022-01-27,52715.234375,1520.63
2022-01-28,52715.234375,1529.85
2022-01-31,53622.88671875,1536.92
2022-02-01,54181.4609375,1538.02
2022-02-02,52387.046875,1529.53
2022-02-03,52854.85546875,1516.27
2022-02-04,53748.57421875,1522.41
2022-02-07,53085.28125,1533.51
2022-02-08,53399.453125,1523.73
2022-02-09,53245.86328125,1508.71
2022-02-10,53064.3046875,1475.28
2022-02-11,53064.3046875,1492.8
2022-02-14,52387.046875,1480.77
2022-02-15,52345.1484375,1487.19
2022-02-16,52017.0,1502.69
2022-02-17,52924.671875,1503.0
2022-02-18,52757.125,1493.88
2022-02-21,52345.1484375,1495.04
2022-02-22,51018.5546875,1492.49
2022-02-23,52180.60546875,1510.2
2022-02-24,51514.77734375,1509.55
2022-02-25,51654.953125,1516.24
2022-02-28,50596.6171875,1527.75
2022-03-01,50393.36328125,1538.57
2022-03-02,50386.36328125,1530.3
2022-03-03,51129.30078125,1534.45
2022-03-04,50771.8515625,1542.13
2022-03-07,51129.30078125,1538.27
2022-03-08,50463.4609375,1535.28
2022-03-09,51087.2421875,1537.52
2022-03-10,49972.8359375,1543.26
2022-03-11,49972.8359375,1548.46
2022-03-14,50393.36328125,1517.85
2022-03-15,50106.0,1522.19
2022-03-16,49159.8203125,1528.12
2022-03-17,48052.42578125,1542.97
2022-03-18,47800.10546875,1539.7
2022-03-22,47800.10546875,1555.86
2022-03-23,47800.10546875,1587.4
2022-03-24,47800.10546875,1593.5
2022-03-25,47800.10546875,1606.88
2022-03-28,47800.10546875,1598.58
2022-03-29,47800.10546875,1599.18
2022-03-30,47800.10546875,1601.35
2022-03-31,34798.75390625,1616.08
2022-04-01,35184.2421875,1626.89
2022-04-04,35184.2421875,1618.39
2022-04-05,35815.03125,1633.95
2022-04-06,37146.71484375,1626.1
2022-04-07,37146.71484375,1628.85
2022-04-08,37146.71484375,1625.53
2022-04-11,37567.22265625,1630.89
2022-04-12,38408.296875,1626.17
2022-04-13,36515.9140625,1615.12
2022-04-18,36719.16796875,1603.8
2022-04-19,36656.09375,1603.6
2022-04-20,36796.265625,1635.71
2022-04-21,36515.9140625,1616.87
2022-04-22,36361.72265625,1614.75
2022-04-25,35394.5,1576.06
2022-04-26,36095.38671875,1575.37
2022-04-27,35121.15625,1586.26
2022-04-28,35373.4921875,1592.99
2022-04-29,35373.4921875,1562.46
2022-05-02,35324.41796875,1582.67
2022-05-03,34490.375,1593.36
2022-05-04,34336.18359375,1613.72
2022-05-05,34146.94921875,1581.65
2022-05-06,34146.94921875,1556.15
2022-05-09,33642.3125,1511.39
2022-05-10,34336.18359375,1511.73
2022-05-11,34308.13671875,1509.0
2022-05-12,33642.3125,1505.8
2022-05-13,33992.73828125,1512.12
2022-05-16,36368.7265625,1517.19
2022-05-17,36656.09375,1506.32
2022-05-18,37146.71484375,1465.19
2022-05-19,35744.94921875,1411.11
2022-05-20,37146.71484375,1459.25
2022-05-23,36452.83984375,1482.8
2022-05-24,36144.4375,1482.77
2022-05-25,36130.41796875,1491.48
2022-05-26,37420.05859375,1508.62
2022-05-27,37497.140625,1532.31
2022-05-31,39894.16796875,1603.23
2022-06-01,41352.0,1604.54
2022-06-02,41688.41796875,1610.21
2022-06-03,42753.74609375,1614.09
2022-06-06,44155.52734375,1608.21
2022-06-07,44169.5390625,1587.07
2022-06-08,44008.3359375,1560.76
2022-06-09,43594.8203125,1526.79
2022-06-10,43307.45703125,1530.73
2022-06-13,43104.19921875,1484.58
2022-06-14,41387.05078125,1501.18
2022-06-15,37504.16015625,1463.55
2022-06-16,37504.16015625,1473.19
2022-06-17,38646.58984375,1454.02
2022-06-21,42454.30859375,1398.42
2022-06-22,42454.30859375,1372.2
2022-06-23,40309.81640625,1338.83
2022-06-24,40309.81640625,1365.96
2022-06-28,40309.81640625,1381.09
2022-06-29,40309.81640625,1346.88
2022-06-30,37085.015625,1322.88
2022-07-01,37568.75,1357.98
2022-07-05,37085.015625,1333.69
2022-07-06,37085.015625,1336.49
2022-07-07,37826.734375,1350.26
2022-07-08,37447.81640625,1354.92
2022-07-11,37246.27734375,1344.65
2022-07-12,37044.71875,1347.88
2022-07-13,36641.62890625,1319.29
2022-07-14,35053.41015625,1272.51
2022-07-15,32731.587890625,1274.19
2022-07-18,33376.52734375,1281.71
2022-07-19,33457.14453125,1303.01
2022-07-21,33860.25390625,1291.55
2022-07-22,33860.25390625,1259.8
2022-07-25,33376.52734375,1289.89
2022-07-26,33376.52734375,1294.82
2022-07-27,33376.52734375,1300.17
2022-07-28,33860.25390625,1320.2
2022-07-29,33457.14453125,1295.96
2022-08-01,33690.95703125,1272.1
2022-08-02,33690.95703125,1281.28
2022-08-03,32941.19140625,1279.2
2022-08-04,32691.265625,1281.45
2022-08-05,33618.3828125,1300.09
2022-08-08,35045.36328125,1333.07
2022-08-09,35021.16796875,1322.08
2022-08-10,34343.9609375,1314.08
2022-08-11,33860.25390625,1324.48
2022-08-12,33666.7578125,1330.82
2022-08-16,33666.7578125,1321.38
2022-08-17,34343.9609375,1323.22
2022-08-18,34279.4609375,1324.12
2022-08-19,33860.25390625,1307.78
2022-08-22,33054.04296875,1293.27
2022-08-23,31868.9453125,1289.54
2022-08-24,31764.138671875,1291.98
2022-08-25,31764.138671875,1304.36
2022-08-26,32247.857421875,1298.84
2022-08-29,32167.23046875,1289.86
2022-08-30,32005.994140625,1270.29
2022-08-31,32247.857421875,1228.33
2022-09-01,29748.646484375,1224.0
2022-09-02,31844.7578125,1232.91
2022-09-05,31828.63671875,1236.74
2022-09-06,30635.4453125,1227.08
2022-09-07,29829.26953125,1210.3
2022-09-08,29506.783203125,1202.96
2022-09-09,29506.783203125,1222.51
2022-09-12,29829.26953125,1235.54
2022-09-13,28861.83203125,1228.09
2022-09-14,28861.83203125,1218.76
2022-09-15,28458.736328125,1213.7
2022-09-16,27184.9375,1209.58
2022-09-19,27184.9375,1205.45
2022-09-20,27168.8203125,1194.83
2022-09-21,26225.55859375,1197.75
2022-09-22,26225.55859375,1201.61
2022-09-23,25193.62890625,1157.27
2022-09-26,23057.21875,1112.84
2022-09-27,22597.685546875,1123.81
2022-09-28,23218.45703125,1130.35
2022-09-29,22775.044921875,1135.78
2022-09-30,23008.845703125,1128.24
2022-10-03,23919.853515625,1156.7
2022-10-04,24597.052734375,1197.44
2022-10-05,24750.234375,1215.36
2022-10-06,24750.234375,1218.15
2022-10-07,24669.60546875,1209.1
2022-10-10,24669.60546875,1198.83
2022-10-11,24669.60546875,1180.9
2022-10-12,24669.60546875,1176.64
2022-10-13,23581.244140625,1177.65
2022-10-14,24185.896484375,1168.32
2022-10-18,23557.0546875,1188.74
2022-10-19,23379.697265625,1197.4
2022-10-20,23379.697265625,1222.63
2022-10-21,22976.59765625,1231.64
2022-10-24,21767.296875,1195.68
2022-10-25,21364.203125,1209.12
2022-10-26,21396.44921875,1202.0
2022-10-27,20961.1015625,1211.76
2022-10-28,20961.1015625,1219.69
2022-10-31,20961.1015625,1231.52
2022-11-01,21767.296875,1254.39
2022-11-02,22573.490234375,1245.1
2022-11-03,22226.830078125,1215.51
2022-11-04,22017.21875,1244.24
2022-11-08,22895.978515625,1252.67
2022-11-09,22718.609375,1249.55
2022-11-10,24177.826171875,1278.26
2022-11-11,24185.896484375,1266.56
2022-11-15,24185.896484375,1285.29
2022-11-16,24508.3671875,1279.0
2022-11-17,23621.552734375,1295.81
2022-11-18,24185.896484375,1282.68
2022-11-21,24992.083984375,1231.54
2022-11-22,24992.083984375,1255.82
2022-11-23,25395.181640625,1266.0
2022-11-24,25395.181640625,1267.93
2022-11-25,27394.560546875,1266.25
2022-11-28,27330.0625,1240.99
2022-11-29,26689.818359375,1248.36
2022-11-30,25798.28125,1242.63
2022-12-01,27410.67578125,1235.45
2022-12-02,27330.0625,1240.93
2022-12-05,27281.0,1217.68
2022-12-06,27330.0625,1236.59
2022-12-07,27410.67578125,1229.65
2022-12-09,27410.67578125,1236.18
2022-12-12,27007.5859375,1228.71
2022-12-13,27249.435546875,1229.69
2022-12-14,25725.724609375,1230.37
2022-12-15,25757.97265625,1222.46
2022-12-16,26217.505859375,1211.59
2022-12-19,27402.611328125,1215.44
2022-12-20,28136.251953125,1227.62
2022-12-21,29829.26953125,1249.84
2022-12-22,29748.646484375,1227.57
2022-12-23,29748.646484375,1252.68
2022-12-26,29533.0703125,1247.56
2022-12-27,30635.4453125,1260.55
2022-12-28,32247.857421875,1266.52
2022-12-29,29829.26953125,1286.07
2023-01-02,31041.791015625,1283.87
2023-01-03,32167.23046875,1269.56
2023-01-04,31664.669921875,1291.8
2023-01-05,32239.791015625,1318.74
2023-01-06,32167.23046875,1326.74
2023-01-10,31925.375,1334.69
2023-01-11,32247.857421875,1342.91
2023-01-12,31522.283203125,1336.65
2023-01-13,31522.283203125,1337.44
2023-01-16,31063.46484375,1335.15
2023-01-17,32167.23046875,1333.86
2023-01-18,32247.857421875,1337.89
2023-01-19,31193.94140625,1332.5
2023-01-20,31839.37890625,1337.4
2023-01-23,32247.857421875,1331.77
2023-01-24,30256.548828125,1310.5
2023-01-25,29264.9296875,1301.28
2023-01-26,28910.203125,1301.9
2023-01-27,29829.26953125,1285.89
2023-01-30,28482.912109375,1280.22
2023-01-31,28555.486328125,1290.11
2023-02-01,28555.486328125,1268.48
2023-02-02,29023.0625,1260.1
2023-02-03,29426.169921875,1263.25
2023-02-06,29410.048828125,1268.49
2023-02-07,29023.0625,1270.09
2023-02-08,27942.763671875,1264.1
2023-02-09,27168.8203125,1245.63
2023-02-10,26604.48046875,1245.65
2023-02-13,26604.48046875,1240.18
2023-02-14,26604.48046875,1222.74
2023-02-15,26201.388671875,1219.44
2023-02-16,25607.205078125,1226.34
2023-02-17,25423.31640625,1209.86
2023-02-20,25798.28125,1210.92
2023-02-21,25153.326171875,1198.14
2023-02-22,24839.28515625,1187.55
2023-02-23,23782.79296875,1192.24
2023-02-24,22912.095703125,1193.54
2023-02-27,22460.630859375,1206.22
2023-02-28,20219.40625,1187.56
2023-03-01,20114.603515625,1198.89
2023-03-02,20558.0078125,1189.09
2023-03-03,20719.2421875,1214.55
2023-03-06,20719.2421875,1235.67
2023-03-07,20719.2421875,1236.75
2023-03-08,21678.619140625,1241.44
2023-03-09,22130.08984375,1210.68
2023-03-10,21847.916015625,1187.27
2023-03-13,21735.0546875,1154.07
2023-03-14,22412.265625,1156.17
2023-03-15,22573.490234375,1111.75
2023-03-16,23992.408203125,1118.43
2023-03-17,23992.408203125,1110.39
2023-03-21,23379.697265625,1129.63
2023-03-22,23782.79296875,1121.24
2023-03-23,23672.37109375,1096.92
2023-03-24,23210.390625,1106.24
2023-03-27,23790.861328125,1118.2
2023-03-28,24185.896484375,1117.41
2023-03-29,25572.544921875,1119.62
2023-03-30,26353.734375,1146.36
2023-03-31,25722.04296875,1157.59
2023-04-03,25210.21484375,1183.2
2023-04-04,25288.10546875,1178.51
2023-04-05,26475.65625,1193.57
2023-04-10,26044.83203125,1200.34
2023-04-11,27629.955078125,1221.42
2023-04-12,26418.765625,1232.2
2023-04-13,27418.607421875,1240.27
2023-04-14,27800.662109375,1253.29
2023-04-17,30076.75,1257.24
2023-04-18,29832.876953125,1255.16
2023-04-19,28694.841796875,1247.97
2023-04-20,28930.58203125,1244.77
2023-04-21,27646.212890625,1215.94
2023-04-24,27312.935546875,1225.26
2023-04-25,27846.263671875,1197.65
2023-04-26,27117.134765625,1185.6
2023-04-27,27936.384765625,1167.51
2023-04-28,28018.3046875,1198.81
2023-05-02,29902.583984375,1157.99
2023-05-03,30304.015625,1158.68
2023-05-04,30304.015625,1158.6
2023-05-05,30304.015625,1164.18
2023-05-08,30312.205078125,1157.44
2023-05-09,29296.33984375,1159.53
2023-05-10,29591.26171875,1160.15
2023-05-11,29976.314453125,1143.42
2023-05-12,29894.3984375,1159.12
2023-05-15,29730.537109375,1148.13
2023-05-16,29729.80859375,1137.65
2023-05-17,28667.21484375,1134.23
2023-05-18,29484.755859375,1136.76
2023-05-19,28673.703125,1123.9
2023-05-23,29460.189453125,1122.65
2023-05-24,27698.794921875,1110.71
2023-05-25,27865.45703125,1098.6
2023-05-26,27972.171875,1100.97
2023-05-29,28730.31640625,1101.47
2023-05-30,28523.92578125,1092.64
2023-05-31,27904.734375,1099.03
2023-06-01,26831.47265625,1117.93
2023-06-02,27202.98828125,1147.97
2023-06-05,27698.337890625,1151.72
2023-06-06,28391.830078125,1193.83
2023-06-07,28210.19921875,1199.68
2023-06-08,27686.84375,1190.76
2023-06-13,27746.12890625,1185.36
2023-06-14,27244.265625,1178.28
2023-06-15,26996.591796875,1178.54
2023-06-16,26748.919921875,1173.9
2023-06-20,26748.94921875,1161.07
2023-06-21,26418.6796875,1151.83
2023-06-22,27404.427734375,1141.67
2023-06-23,25758.220703125,1133.54
2023-06-26,27046.126953125,1138.45
2023-06-27,27255.015625,1129.51
2023-06-28,25798.64453125,1127.37
2023-06-29,27088.572265625,1130.93
2023-06-30,26786.04296875,1133.6
2023-07-04,26372.8671875,1134.27
2023-07-05,24966.42578125,1121.71
2023-07-06,24966.42578125,1115.02
2023-07-07,24958.10546875,1133.11
2023-07-10,24550.3125,1130.84
2023-07-11,24633.537109375,1147.86
2023-07-12,24633.537109375,1162.39
2023-07-13,25449.115234375,1173.36
2023-07-14,25532.330078125,1164.2
2023-07-17,25374.205078125,1160.14
2023-07-18,25399.177734375,1169.79
2023-07-19,25881.85546875,1173.75
2023-07-21,25632.1953125,1172.85
2023-07-24,25299.30859375,1172.41
2023-07-25,25607.2265625,1171.24
2023-07-26,25473.775390625,1164.32
2023-07-27,25347.869140625,1166.84
2023-07-28,25331.08984375,1161.83
2023-07-31,25331.08984375,1174.7
2023-08-01,25650.033203125,1178.85
2023-08-02,25632.724609375,1160.9
2023-08-03,25431.8046875,1173.89
2023-08-04,25431.8046875,1170.23
2023-08-08,25599.666015625,1173.4
2023-08-09,24760.33984375,1166.07
2023-08-10,24995.35546875,1152.82
2023-08-11,24768.734375,1147.5
2023-08-14,24340.66796875,1145.53
2023-08-15,24861.060546875,1130.14
2023-08-16,24844.2734375,1143.55
2023-08-17,23954.58203125,1134.99
2023-08-18,24718.375,1132.66
2023-08-22,24718.375,1115.74
2023-08-23,24365.853515625,1099.55
2023-08-24,23669.208984375,1101.11
2023-08-25,23509.734375,1101.64
2023-08-28,23725.20703125,1104.31
2023-08-29,22976.822265625,1111.25
2023-08-30,22468.4921875,1114.86
2023-08-31,21731.3984375,1076.12
2023-09-01,22451.544921875,1084.71
2023-09-04,22714.19140625,1077.55
2023-09-05,21782.232421875,1051.18
2023-09-06,21392.51171875,1046.7
2023-09-07,21172.228515625,1063.29
2023-09-08,21689.041015625,1069.14
2023-09-11,21943.208984375,1062.97
2023-09-12,22027.931640625,1083.7
2023-09-13,20807.923828125,1077.85
2023-09-14,20841.8203125,1082.66
2023-09-15,21163.755859375,1098.66
2023-09-18,21621.263671875,1100.01
2023-09-19,20968.90234375,1104.73
2023-09-20,21180.701171875,1108.88
2023-09-21,21180.701171875,1095.53
2023-09-22,21180.701171875,1090.53
2023-09-25,21502.65625,1100.33
2023-09-26,21400.78515625,1089.57
2023-09-27,21400.78515625,1107.59
2023-09-28,21957.19921875,1117.73
2023-09-29,21571.986328125,1121.64
2023-10-02,21808.525390625,1112.8
2023-10-03,21400.78515625,1102.46
2023-10-04,21469.265625,1097.31
2023-10-05,21477.822265625,1092.4
2023-10-06,21400.990234375,1101.97
2023-10-09,21477.822265625,1118.25
2023-10-10,21625.66015625,1114.76
2023-10-11,21494.953125,1114.2
2023-10-12,21820.240234375,1112.09
2023-10-13,21820.240234375,1116.29
2023-10-17,21837.36328125,1119.19
2023-10-18,22171.212890625,1134.48
2023-10-19,22171.212890625,1125.6
2023-10-20,21828.802734375,1117.42
2023-10-23,21623.353515625,1108.63
2023-10-24,21811.67578125,1105.76
2023-10-25,21357.978515625,1104.19
2023-10-26,21583.767578125,1083.95
2023-10-27,21627.0234375,1093.84
2023-10-30,21627.0234375,1088.69
2023-10-31,21540.51953125,1088.15
2023-11-01,21627.0234375,1088.39
2023-11-02,21540.51953125,1097.53
2023-11-03,21419.400390625,1098.75
2023-11-07,21263.69140625,1093.71
2023-11-08,21263.69140625,1098.62
2023-11-09,21280.990234375,1104.44
2023-11-10,21436.69921875,1102.93
2023-11-14,21436.69921875,1107.45
2023-11-15,21107.970703125,1110.09
2023-11-16,21021.46484375,1108.56
2023-11-17,20727.33984375,1125.22
2023-11-20,20761.943359375,1125.16
2023-11-21,20761.943359375,1128.61
2023-11-22,20761.943359375,1131.96
2023-11-23,20761.943359375,1127.81
2023-11-24,21038.767578125,1135.46
2023-11-27,20987.17578125,1127.74
2023-11-28,20987.17578125,1127.81
2023-11-29,21424.40625,1138.69
2023-11-30,21406.916015625,1146.87
2023-12-01,21389.4296875,1151.79
2023-12-04,21074.623046875,1156.33
2023-12-05,21074.623046875,1150.1
2023-12-06,20987.17578125,1134.17
2023-12-07,20987.17578125,1145.28
2023-12-11,20987.17578125,1141.41
2023-12-12,21424.40625,1149.28
2023-12-13,21424.40625,1165.85
2023-12-14,21004.66796875,1174.7
2023-12-15,21441.8984375,1162.58
2023-12-18,21441.8984375,1163.33
2023-12-19,22438.783203125,1169.27
2023-12-20,24047.806640625,1162.66
2023-12-21,23173.33984375,1166.07
2023-12-22,23173.33984375,1170.34
2023-12-26,24287.009765625,1183.84
2023-12-27,24357.66015625,1188.17
2023-12-28,24251.6796875,1195.2
2024-01-02,24993.5390625,1222.5
2024-01-03,24993.5390625,1228.7
2024-01-04,25523.4375,1267.18
2024-01-05,26000.34375,1294.78
2024-01-09,25364.46875,1294.43
2024-01-10,25611.751953125,1288.77
2024-01-11,25965.013671875,1283.25
2024-01-12,25965.013671875,1290.92
2024-01-15,25965.013671875,1297.33
2024-01-16,26159.3203125,1292.93
2024-01-17,26229.96875,1283.84
2024-01-18,26424.267578125,1276.13
2024-01-19,26371.2734375,1274.5
2024-01-22,26371.2734375,1271.1
2024-01-23,26742.203125,1263.15
2024-01-24,26742.203125,1261.11
2024-01-25,26742.203125,1268.91
2024-01-26,26974.712890625,1282.43
2024-01-29,27420.1328125,1279.81
2024-01-30,28382.244140625,1280.17
2024-01-31,28328.79296875,1276.55
2024-02-01,28221.890625,1277.65
2024-02-02,28221.890625,1277.77
2024-02-05,28204.0703125,1272.44
2024-02-06,27616.123046875,1276.77
2024-02-07,28293.1640625,1279.26
2024-02-08,29184.0078125,1261.1
2024-02-09,27705.205078125,1248.23
2024-02-12,28079.359375,1248.18
2024-02-13,28061.5390625,1235.86
2024-02-14,28061.5390625,1237.18
2024-02-15,28061.5390625,1246.31
2024-02-16,28061.5390625,1256.97
2024-02-19,26725.279296875,1220.31
2024-02-20,28079.359375,1245.54
2024-02-21,29825.404296875,1268.74
2024-02-22,29397.80078125,1279.09
2024-02-23,29201.826171875,1290.31
2024-02-26,28735.76171875,1291.39
2024-02-27,28645.9609375,1286.55
2024-02-28,28645.9609375,1285.47
2024-02-29,29166.794921875,1274.08
2024-03-01,29166.794921875,1286.46
2024-03-04,29059.041015625,1288.59
2024-03-05,29310.4765625,1300.86
2024-03-06,29238.640625,1307.11
2024-03-07,29077.0,1313.51
2024-03-08,28735.76171875,1298.97
2024-03-11,28735.76171875,1298.29
2024-03-12,28107.173828125,1278.65
2024-03-13,27712.052734375,1284.15
2024-03-14,26849.978515625,1283.19
2024-03-15,24694.796875,1285.1
2024-03-18,24694.796875,1307.14
2024-03-19,24694.796875,1306.76
2024-03-20,24084.15625,1308.77
2024-03-21,24245.796875,1321.6
2024-03-22,24354.947265625,1329.48
2024-03-26,24264.7421875,1318.11
2024-03-27,24354.947265625,1332.98
2024-04-01,23994.134765625,1355.14
2024-04-02,24354.947265625,1372.71
2024-04-03,24769.880859375,1383.91
2024-04-04,25527.595703125,1407.95
2024-04-05,25347.1875,1388.27
2024-04-08,25437.384765625,1386.8
2024-04-09,25708.00390625,1408.58
2024-04-10,26934.765625,1398.05
2024-04-11,26700.236328125,1415.24
2024-04-12,26159.013671875,1390.74
2024-04-15,25708.00390625,1380.21
2024-04-16,26050.76953125,1368.26
2024-04-17,25708.00390625,1350.12
2024-04-18,25166.775390625,1321.06
2024-04-19,25960.5703125,1332.13
2024-04-22,25437.384765625,1344.21
2024-04-23,25293.05859375,1347.93
2024-04-24,25130.69921875,1343.34
2024-04-25,25004.763671875,1349.93
2024-04-26,25602.70703125,1366.61
2024-04-29,25820.140625,1381.01
2024-04-30,25638.951171875,1357.31
2024-05-02,25783.8984375,1378.74
2024-05-03,29317.181640625,1385.56
2024-05-06,25711.42578125,1379.9
2024-05-07,25638.951171875,1380.64
2024-05-08,25638.951171875,1384.15
2024-05-09,25421.5078125,1387.12
2024-05-10,25638.951171875,1390.38
2024-05-14,25638.951171875,1402.76
2024-05-15,25620.828125,1406.35
2024-05-16,25638.951171875,1417.48
2024-05-17,25638.951171875,1429.18
2024-05-20,25457.751953125,1441.68
2024-05-21,25620.828125,1440.78
2024-05-22,25512.11328125,1409.28
2024-05-23,25512.11328125,1406.39
2024-05-24,25457.751953125,1407.76
2024-05-27,25095.361328125,1413.7
2024-05-28,25205.466796875,1408.6
2024-05-29,25096.26953125,1394.39
2024-05-30,25460.251953125,1403.79
2024-05-31,25059.87109375,1399.94
2024-06-04,25150.8671875,1404.04
2024-06-05,24786.892578125,1406.47
2024-06-06,25150.8671875,1410.53
2024-06-07,25041.6796875,1411.99
2024-06-11,25296.46484375,1388.12
2024-06-12,25296.46484375,1380.74
2024-06-13,25023.478515625,1386.12
2024-06-14,24568.505859375,1378.09
2024-06-17,24987.078125,1378.59
2024-06-18,24932.482421875,1389.58
2024-06-19,24568.505859375,1380.56
2024-06-20,24568.505859375,1376.01
2024-06-21,23658.55859375,1365.34
2024-06-24,24113.533203125,1386.8
2024-06-25,24315.5546875,1367.94
2024-06-26,24315.5546875,1368.9
2024-06-27,24315.5546875,1376.64
2024-06-28,24315.5546875,1380.9
2024-07-02,24315.5546875,1383.61
2024-07-03,24041.3125,1381.43
2024-07-04,24041.3125,1384.76
2024-07-05,23858.49609375,1383.57
2024-07-08,23748.802734375,1383.05
2024-07-09,23328.30859375,1373.15
2024-07-10,23108.9140625,1365.92
2024-07-11,22926.091796875,1376.34
2024-07-12,23035.7890625,1374.06
2024-07-15,23236.890625,1374.77
2024-07-16,23127.19921875,1373.74
2024-07-17,23364.8671875,1366.24
2024-07-18,23236.890625,1364.48
2024-07-19,23401.435546875,1367.69
2024-07-22,23310.02734375,1366.66
2024-07-23,23492.845703125,1360.59
2024-07-24,23255.171875,1354.4
2024-07-25,23236.890625,1353.66
2024-07-26,23329.66015625,1345.63
2024-07-29,23384.767578125,1340.69
2024-07-30,22980.634765625,1335.31
2024-07-31,22980.634765625,1345.7
2024-08-01,22962.265625,1341.77
2024-08-02,22962.265625,1316.87
2024-08-05,22760.201171875,1294.56
2024-08-06,22594.869140625,1296.79
2024-08-08,22925.529296875,1299.24
2024-08-09,22962.265625,1310.45
2024-08-12,22907.15234375,1330.28
2024-08-13,22943.89453125,1343.87
2024-08-14,22962.265625,1350.68
2024-08-15,23421.5078125,1360.0
2024-08-16,23403.142578125,1361.01
2024-08-20,23403.142578125,1345.35
2024-08-21,24560.4375,1347.33
2024-08-22,24872.720703125,1334.96
2024-08-23,25258.48828125,1331.01
2024-08-26,25993.283203125,1343.93
2024-08-27,25828.16015625,1341.19
2024-08-28,26031.109375,1343.04
2024-08-29,26031.109375,1335.32
2024-08-30,26750.599609375,1362.28
2024-09-02,26750.599609375,1355.13
2024-09-03,26234.037109375,1347.82
2024-09-04,26012.65234375,1336.16
2024-09-05,26104.8984375,1341.65
2024-09-06,26067.99609375,1328.47
2024-09-09,25662.130859375,1321.67
2024-09-10,26252.490234375,1313.66
2024-09-11,25754.37109375,1309.92
2024-09-12,26012.65234375,1320.28
2024-09-13,25994.203125,1311.68
2024-09-16,25717.478515625,1317.98
2024-09-17,25920.412109375,1313.35
2024-09-18,25828.16015625,1307.24
2024-09-19,25975.755859375,1320.58
2024-09-20,25735.92578125,1320.84
2024-09-23,25551.439453125,1322.17
2024-09-24,25496.091796875,1334.9
2024-09-25,25237.599609375,1321.19
2024-09-26,25237.599609375,1331.64
2024-09-27,25774.966796875,1320.81
2024-09-30,25682.31640625,1307.59
2024-10-01,25663.787109375,1307.14
2024-10-02,25219.07421875,1301.36
2024-10-03,25626.7265625,1303.27
2024-10-04,25737.90234375,1303.86
2024-10-07,25163.484375,1309.35
2024-10-08,25422.900390625,1300.01
2024-10-09,25200.54296875,1301.41
2024-10-10,24959.658203125,1310.13
2024-10-11,25385.8359375,1326.48
2024-10-15,25052.3046875,1328.87
2024-10-16,25552.607421875,1337.26
2024-10-17,25459.958984375,1346.29
2024-10-18,25589.662109375,1362.07
2024-10-21,25737.90234375,1356.34
2024-10-22,25589.662109375,1344.26
2024-10-23,25478.48828125,1321.55
2024-10-24,25700.84375,1337.6
2024-10-25,25497.015625,1334.49
2024-10-28,25591.0078125,1339.48
2024-10-29,25572.396484375,1339.4
2024-10-30,25572.396484375,1356.41
2024-10-31,26149.353515625,1358.46
2024-11-01,26298.24609375,1352.8
2024-11-05,26279.634765625,1359.65
2024-11-06,25907.40625,1364.37
2024-11-07,25684.060546875,1359.04
2024-11-08,25367.666015625,1335.33
2024-11-12,25311.833984375,1345.38
2024-11-13,25386.279296875,1337.79
2024-11-14,25311.833984375,1347.68
2024-11-15,25386.279296875,1346.11
2024-11-18,25572.396484375,1362.37
2024-11-19,25497.947265625,1370.03
2024-11-20,25404.890625,1386.24
2024-11-21,25404.890625,1388.22
2024-11-22,25851.56640625,1391.95
2024-11-25,24846.5390625,1398.53
2024-11-26,25614.025390625,1391.2
2024-11-27,25688.814453125,1397.49
2024-11-28,25595.328125,1397.58
2024-11-29,25688.814453125,1392.13
2024-12-02,25688.814453125,1398.62
2024-12-03,25445.763671875,1391.54
2024-12-04,25258.796875,1383.75
2024-12-05,25202.70703125,1394.57
2024-12-06,25520.544921875,1377.04
2024-12-09,25408.3671875,1379.45
2024-12-10,25146.615234375,1383.99
2024-12-11,25146.615234375,1383.41
2024-12-12,25165.314453125,1385.09
2024-12-13,25109.224609375,1380.07
2024-12-16,25109.224609375,1370.59
2024-12-17,25071.83203125,1367.66
2024-12-18,24380.06640625,1360.4
2024-12-19,24361.37109375,1373.29
2024-12-20,24959.654296875,1368.21
2024-12-23,24940.95703125,1389.23
2024-12-24,24641.39453125,1383.76
2024-12-26,24641.39453125,1386.59
2024-12-27,24923.115234375,1381.93
2024-12-30,25223.619140625,1379.58
2025-01-02,25223.619140625,1399.58
2025-01-03,24885.55078125,1396.23
2025-01-07,25355.091796875,1419.1
2025-01-08,25223.619140625,1409.54
2025-01-09,25261.181640625,1407.35
2025-01-10,25223.619140625,1404.94
2025-01-13,24979.462890625,1406.76
2025-01-14,24941.89453125,1398.71
2025-01-15,24979.462890625,1397.58
2025-01-16,25824.630859375,1394.44
2025-01-17,25542.908203125,1391.22
2025-01-20,25711.939453125,1387.59
2025-01-21,25711.939453125,1392.19
2025-01-22,25730.7265625,1381.9
2025-01-23,26200.26171875,1397.33
2025-01-24,26294.166015625,1415.45
2025-01-27,26500.767578125,1432.41
2025-01-28,27237.33984375,1474.0
2025-01-29,27727.763671875,1509.82
2025-01-30,27369.380859375,1543.02
2025-01-31,27822.08203125,1521.74
2025-02-03,27388.24609375,1504.83
2025-02-04,27425.96875,1523.08
2025-02-05,27633.451171875,1510.21
2025-02-06,27463.69140625,1525.14
2025-02-07,27237.33984375,1515.99
2025-02-10,27369.380859375,1525.64
2025-02-11,27105.306640625,1534.93
2025-02-12,26878.95703125,1531.33
2025-02-13,26897.818359375,1535.55
2025-02-14,27520.28125,1552.12
2025-02-17,28161.59765625,1567.89
2025-02-18,28784.060546875,1576.63
2025-02-19,25841.5234375,1599.95
2025-02-20,29142.447265625,1634.61
2025-02-21,28784.060546875,1630.62
2025-02-24,29331.07421875,1651.39
2025-02-25,29180.53125,1648.85
2025-02-26,28688.19140625,1646.13
2025-02-27,28404.150390625,1627.96
2025-02-28,27836.064453125,1607.57
2025-03-03,28404.150390625,1575.61
2025-03-04,28309.470703125,1564.52
2025-03-05,28366.279296875,1589.02
2025-03-06,28366.279296875,1603.01
2025-03-07,29218.404296875,1610.5
2025-03-10,29161.59765625,1581.93
2025-03-11,28707.12890625,1578.49
2025-03-12,29066.9140625,1595.34
2025-03-13,28877.552734375,1592.12
2025-03-14,29142.658203125,1620.36
2025-03-17,28688.19140625,1634.64
2025-03-18,28782.869140625,1623.35
2025-03-19,28782.869140625,1616.99
2025-03-20,28801.80859375,1607.79
2025-03-21,28801.80859375,1608.85
2025-03-25,29634.998046875,1634.99
2025-03-26,29369.89453125,1598.67
2025-03-27,28839.681640625,1600.88
2025-03-28,29263.9921875,1603.63
2025-03-31,29016.634765625,1602.92
2025-04-01,29035.6640625,1625.55
2025-04-02,30158.275390625,1653.5
2025-04-03,29968.001953125,1657.4
2025-04-04,29092.744140625,1620.49
2025-04-07,28731.2265625,1609.66
2025-04-08,28160.40625,1552.71
2025-04-09,28674.140625,1601.6
2025-04-10,27209.04296875,1546.98
2025-04-11,28160.40625,1561.52
2025-04-14,28198.458984375,1582.31
2025-04-15,28198.458984375,1603.83
2025-04-16,28521.923828125,1626.73
2025-04-21,28160.40625,1619.72
2025-04-22,28445.8125,1631.26
2025-04-23,29016.634765625,1642.84
2025-04-24,28636.08984375,1634.48
2025-04-25,28775.666015625,1641.69
2025-04-28,28680.06640625,1618.19
2025-04-29,29215.423828125,1620.8
2025-04-30,29540.46484375,1636.51
2025-05-02,29444.865234375,1641.99
2025-05-05,29444.865234375,1642.08
2025-05-06,29540.46484375,1648.51
2025-05-07,29636.068359375,1641.08
2025-05-08,30400.869140625,1655.15
2025-05-09,30592.072265625,1645.4
2025-05-12,30592.072265625,1655.26
2025-05-13,31070.0703125,1699.93
2025-05-14,31127.4296875,1678.16
2025-05-15,30955.353515625,1666.85
2025-05-16,30745.03125,1646.92
2025-05-19,31165.669921875,1658.24
2025-05-20,30840.626953125,1662.69
2025-05-21,31356.873046875,1649.5
2025-05-22,31261.26953125,1641.31
2025-05-23,31548.0703125,1654.73
2025-05-26,31261.26953125,1652.91
2025-05-27,31574.32421875,1640.95
2025-05-28,31190.212890625,1647.24
2025-05-29,30633.240234375,1636.59
2025-05-30,31305.44140625,1608.9
2025-06-03,31439.884765625,1643.59
2025-06-04,31209.4140625,1651.36
2025-06-05,31209.4140625,1655.95
2025-06-06,31478.298828125,1651.21
2025-06-09,31209.4140625,1635.71
2025-06-10,30729.26953125,1649.53
2025-06-11,31286.240234375,1659.35
2025-06-12,31209.4140625,1648.88
2025-06-13,30921.330078125,1648.92
2025-06-16,31036.5625,1633.17
2025-06-17,30729.26953125,1631.46
2025-06-18,30729.26953125,1650.7
2025-06-19,30690.85546875,1653.04
2025-06-20,31094.181640625,1647.78
2025-06-24,31113.384765625,1671.64
2025-06-25,30729.26953125,1672.88
2025-06-26,30710.064453125,1678.59
2025-06-27,30729.26953125,1668.33
2025-07-01,30614.03515625,1674.79
2025-07-02,30537.212890625,1693.94
2025-07-03,30729.26953125,1684.07
2025-07-04,30729.26953125,1686.87
2025-07-07,30729.26953125,1684.81
2025-07-08,30729.26953125,1688.33
2025-07-09,30729.26953125,1675.18
2025-07-10,30441.18359375,1683.16
2025-07-11,30921.330078125,1688.47
2025-07-14,30921.330078125,1689.69
2025-07-15,30921.330078125,1699.41
2025-07-16,30825.298828125,1701.62
2025-07-17,30748.474609375,1745.28
2025-07-18,30863.71484375,1733.54
2025-07-21,30575.626953125,1742.56
2025-07-22,31017.359375,1727.55
2025-07-23,30729.26953125,1716.19
2025-07-24,30998.15234375,1709.73
2025-07-25,31055.76953125,1709.23
2025-07-28,31331.658203125,1762.46
2025-07-29,31138.7265625,1757.87
2025-07-30,31022.970703125,1759.9
2025-07-31,31158.021484375,1772.88
2025-08-01,30772.1640625,1751.56
2025-08-04,30772.1640625,1751.55
2025-08-05,31061.5546875,1761.81
2025-08-06,30868.62890625,1774.53
2025-08-08,31158.021484375,1802.78
2025-08-11,31543.876953125,1812.81
2025-08-12,31871.853515625,1824.32
2025-08-13,32508.525390625,1826.99
2025-08-14,32894.37890625,1845.64
2025-08-15,32855.796875,1856.83
2025-08-19,33762.55859375,1853.52
2025-08-20,33762.55859375,1855.31
2025-08-21,34341.34765625,1852.35
2025-08-22,34322.0546875,1858.45
2025-08-25,33762.55859375,1850.02
2025-08-26,34562.6875,1855.52
2025-08-27,34388.328125,1843.98
2025-08-28,33903.98828125,1838.34
2025-08-29,34020.23046875,1845.6
2025-09-01,34194.58984375,1842.81
2025-09-02,34194.58984375,1829.25
2025-09-03,33903.98828125,1828.13
2025-09-04,33903.98828125,1853.79
2025-09-05,33903.98828125,1862.87
2025-09-08,33671.50390625,1871.14
2025-09-09,33865.2421875,1867.99
2025-09-10,33807.12109375,1873.17
2025-09-11,33613.3828125,1854.57
2025-09-12,33613.3828125,1845.61
2025-09-15,33884.62109375,1847.03
2025-09-16,33710.25390625,1838.67
2025-09-17,34194.58984375,1834.3
2025-09-18,33903.98828125,1823.31
2025-09-19,31482.275390625,1858.13
2025-09-22,32760.9453125,1871.52
2025-09-23,32935.3046875,1871.46
2025-09-24,33245.28515625,1880.71
2025-09-25,33251.125,1875.73
2025-09-26,33153.8359375,1863.45
2025-09-29,33348.40625,1874.87
2025-09-30,34340.6796875,1872.36
2025-10-01,33581.8828125,1862.92
2025-10-02,33581.8828125,1848.94
2025-10-03,33601.3359375,1861.27
2025-10-06,33659.70703125,1863.19
2025-10-07,33659.70703125,1857.77
2025-10-08,33581.8828125,1875.25
2025-10-09,34048.8359375,1889.25
2025-10-10,34048.8359375,1869.78
2025-10-14,34340.6796875,1891.64
2025-10-15,34418.50390625,1891.39
2025-10-16,35118.9375,1898.86
2025-10-17,35157.859375,1924.26
2025-10-20,35080.03125,1897.42
2025-10-21,35080.03125,1888.56
2025-10-22,35021.66015625,1915.75
2025-10-23,35118.9375,1925.0
2025-10-24,35138.40234375,1945.79
2025-10-27,35994.48046875,1956.37
2025-10-28,36449.61328125,1977.47
2025-10-29,37504.4296875,1993.83
2025-10-30,37797.43359375,1990.74
2025-10-31,37211.42578125,1987.12
2025-11-04,37445.82421875,2005.32
2025-11-05,37230.95703125,2036.85
2025-11-06,37504.4296875,2046.66
2025-11-07,37348.15625,2072.28
2025-11-10,37602.09765625,2072.04
2025-11-11,37602.09765625,2081.91
2025-11-12,37113.76171875,2080.68
2025-11-13,38051.37109375,2051.57
2025-11-14,37602.09765625,2071.23
2025-11-18,37523.9609375,2071.34
2025-11-19,37973.23046875,2061.5
2025-11-20,37699.765625,2029.18
2025-11-21,37504.4296875,2033.99
2025-11-24,36469.1484375,1999.67
2025-11-25,37082.9453125,2034.26
2025-11-26,37514.375,2041.08
2025-11-27,37553.59765625,2051.65
2025-11-28,37749.69921875,2073.28
2025-12-01,37749.69921875,2081.43
2025-12-02,37749.69921875,2115.75
2025-12-03,37592.8125,2105.66
2025-12-04,37455.54296875,2115.96
2025-12-05,37749.69921875,2112.7
2025-12-09,38102.68359375,2123.58
2025-12-10,38730.20703125,2119.71
2025-12-11,38436.05078125,2114.21
2025-12-12,38338.0,2108.7
2025-12-15,38239.953125,2091.6
2025-12-16,37475.15625,2072.02
2025-12-17,37573.20703125,2053.25
2025-12-18,37651.6484375,2055.1
2025-12-19,37651.6484375,2048.99
2025-12-22,37612.4296875,2056.64
2025-12-23,39122.41796875,2075.32
2025-12-24,39266.09765625,2081.4
2025-12-26,39364.5078125,2081.58
2025-12-29,39462.91796875,2108.15
2025-12-30,39148.0,2068.01
2026-01-02,38301.6640625,2069.02
2026-01-05,38675.625,2134.26
2026-01-06,38675.625,2175.89
2026-01-07,38675.625,2171.87
2026-01-08,38675.625,2187.07
2026-01-09,38380.390625,2213.35
2026-01-13,38203.25390625,2236.51
2026-01-14,39128.3203125,2261.62
2026-01-15,39344.82421875,2287.47
2026-01-16,40328.9375,2345.4
2026-01-19,41529.5546875,2377.57
2026-01-20,42120.01953125,2402.01
2026-01-21,43104.1328125,2444.98
2026-01-22,42316.83984375,2433.78
2026-01-23,42730.171875,2482.72
2026-01-26,43261.58984375,2521.54
2026-01-27,43425.5,2496.18
2026-01-28,43346.5078125,2506.43
2026-01-29,42359.1171875,2493.35
2026-01-30,42359.1171875,2474.76
2026-02-02,41391.47265625,2422.51
2026-02-03,41470.46484375,2436.73
2026-02-04,41055.76171875,2381.04
2026-02-05,40028.87109375,2320.55
2026-02-06,40186.8515625,2370.1
2026-02-09,40779.2890625,2396.01
2026-02-10,40878.02734375,2418.04
2026-02-11,40542.3125,2375.82
2026-02-12,39693.15625,2328.23
2026-02-13,40483.0703125,2368.57
2026-02-16,40483.0703125,2361.44
2026-02-17,39515.42578125,2362.45
2026-02-18,40878.02734375,2366.46
2026-02-19,41766.6796875,2386.38
2026-02-20,41470.46484375,2417.81
2026-02-23,41470.46484375,2468.58
2026-02-24,40921.5390625,2395.81
2026-02-25,41119.70703125,2382.41
2026-02-26,40604.47265625,2283.91
2026-02-27,41119.70703125,2222.92
2026-03-02,38840.78515625,2148.11
2026-03-03,38226.46484375,2149.33
2026-03-04,38226.46484375,2170.53
2026-03-05,39692.90234375,2182.36
2026-03-06,36958.1953125,2175.41
2026-03-09,39574.00390625,2225.68
2026-03-11,39633.453125,2275.37
2026-03-12,38662.43359375,2172.32
2026-03-13,37651.78125,2180.75
2026-03-16,38939.8671875,2185.52
2026-03-17,38840.78515625,2184.49
2026-03-18,38840.78515625,2178.92
2026-03-19,37176.1796875,2199.95
2026-03-20,33886.6015625,2230.71
2026-03-24,37037.4609375,2237.66
2026-03-25,37889.578125,2273.65
2026-03-26,38345.3671875,2233.4
2026-03-27,36432.1796875,2212.65
2026-03-30,37347.9609375,2194.95
2026-03-31,37188.6953125,2286.41
2026-04-01,37825.76171875,2280.95
2026-04-06,38423.0078125,2300.66
2026-04-07,37925.30078125,2276.32
2026-04-08,38741.54296875,2286.05
2026-04-09,38482.734375,2294.37
2026-04-10,38482.734375,2301.93
2026-04-13,38482.734375,2347.51
2026-04-14,38482.734375,2359.48
2026-04-15,39736.95703125,2324.59
2026-04-16,40115.21484375,2332.74
2026-04-17,39697.140625,2301.86
2026-04-20,39717.046875,2287.02
2026-04-21,39438.33203125,2282.09
2026-04-22,39298.97265625,2283.62
2026-04-23,38442.91796875,2252.07
2026-04-24,38642.0,2232.9
2026-04-27,38380.0,2189.86
2026-04-28,37580.0,2167.42
2026-04-29,37620.0,2144.99
2026-04-30,37960.0,2178.0
2026-05-04,37080.0,2169.52
2026-05-05,37080.0,2171.54
2026-05-06,37500.0,2187.45
2026-05-07,37060.0,2165.94
2026-05-08,37400.0,2122.7
2026-05-11,37020.0,2109.15
2026-05-12,36580.0,2088.66
2026-05-13,36460.0,2073.46
2026-05-14,36780.0,2121.95
2026-05-15,36620.0,2101.08
2026-05-19,36200.0,2110.01
